requested_tokenization_delay_min,requested_mint_time,potential_buyer_arrival_delay_time,potential_buyer_buy_time,mint_delay_min,burn_token_time,price_update_time
1.0,2021-04-13 04:23:15,41.17888440469413,2021-04-16 04:23:15,29.10805478609656,2021-04-19 04:23:15,2021-04-19 04:23:15
2.68312508805077,2021-09-28 21:20:20,6.507429292864865,2021-10-05 21:20:20,22.273631429194836,2021-11-11 21:20:20,2021-11-01 21:20:20
10.808199520476698,2022-09-07 01:44:25,79.95437841467766,2022-09-19 01:44:25,32.258656030801234,2022-11-06 01:44:25,2022-09-23 01:44:25
2.6689378614105213,2022-04-12 10:19:54,22.53880125301496,2022-05-05 10:19:54,25.908862012798515,2022-05-17 10:19:54,2022-05-06 10:19:54
2.447985045057402,2022-04-04 12:15:31,5.314726595595977,2022-04-16 12:15:31,13.363071277067395,2022-04-24 12:15:31,2022-04-09 12:15:31
1.0,2022-10-26 11:24:50,57.50071987260958,2022-11-14 11:24:50,15.977429418331011,2022-12-13 11:24:50,2022-11-08 11:24:50
3.8223862516248417,2022-10-24 18:00:20,15.648253629615285,2022-11-19 18:00:20,26.78667197284526,2022-12-09 18:00:20,2022-11-19 18:00:20
27.44118807651067,2021-12-10 17:29:15,28.130141952590765,2021-12-17 17:29:15,16.309436790775692,2022-01-09 17:29:15,2021-12-21 17:29:15
1.326549207577064,2022-02-18 18:52:49,77.70319644822679,2022-02-26 18:52:49,29.184498597993347,2022-03-02 18:52:49,2022-02-20 18:52:49
7.092330036240123,2021-07-11 23:05:04,27.56772171476199,2021-07-14 23:05:04,19.70893250897735,2021-08-08 23:05:04,2021-08-05 23:05:04
1.0,2022-04-05 23:41:45,17.83482916612184,2022-04-10 23:41:45,9.007058444470148,2022-05-12 23:41:45,2022-04-10 23:41:45
2.2427411520890814,2021-01-22 19:58:52,31.89490898675292,2021-02-19 19:58:52,4.05455289857761,2021-04-09 19:58:52,2021-03-18 19:58:52
4.373531286237663,2022-07-15 07:07:38,47.146833372991715,2022-08-12 07:07:38,5.247411555102307,2022-10-06 07:07:38,2022-07-22 07:07:38
1.2352910074093175,2022-05-26 05:07:11,44.3175380770986,2022-06-22 05:07:11,6.86952727491332,2022-08-19 05:07:11,2022-06-24 05:07:11
2.22754765254831,2022-04-21 00:45:47,39.41142564296956,2022-05-17 00:45:47,8.98736223995474,2022-06-11 00:45:47,2022-05-18 00:45:47
10.885387419616668,2021-07-09 23:30:54,16.051826225432222,2021-08-05 23:30:54,30.370337383262342,2021-08-10 23:30:54,2021-08-04 23:30:54
1.0,2022-07-17 18:43:55,28.024880234242623,2022-08-15 18:43:55,12.851489758714072,2022-08-25 18:43:55,2022-08-18 18:43:55
10.818427358768691,2022-07-21 18:33:23,12.5448975265621,2022-08-03 18:33:23,34.825010513511884,2022-09-03 18:33:23,2022-08-15 18:33:23
1.6603441469779376,2022-05-20 03:09:54,28.614348297278223,2022-06-13 03:09:54,31.627431163736677,2022-06-17 03:09:54,2022-06-13 03:09:54
1.0,2022-04-30 01:04:50,45.22104581300332,2022-05-23 01:04:50,10.970602232088245,2022-07-19 01:04:50,2022-05-15 01:04:50
3.2871548437102,2022-10-09 22:13:58,61.23899098763318,2022-10-10 22:13:58,22.356750990024125,2022-10-17 22:13:58,2022-10-12 22:13:58
1.6026655188683667,2021-10-01 02:57:07,19.953243126628028,2021-10-19 02:57:07,5.007475417416387,2021-11-22 02:57:07,2021-10-24 02:57:07
17.21772204255044,2022-08-24 20:32:49,22.17878874036426,2022-09-21 20:32:49,40.435183109910824,2022-11-01 20:32:49,2022-10-19 20:32:49
1.4727538600108985,2021-12-12 18:55:48,23.28482873392306,2022-01-03 18:55:48,21.341562004374527,2022-01-24 18:55:48,2022-01-11 18:55:48
10.195337901199453,2021-12-06 06:31:23,34.48337044353606,2021-12-21 06:31:23,40.20184513662528,2022-01-09 06:31:23,2021-12-06 06:31:23
17.58500812856617,2022-03-31 13:29:15,1.8903683395260185,2022-04-13 13:29:15,14.65861691446552,2022-04-20 13:29:15,2022-04-19 13:29:15
2.2666505880195515,2022-05-24 04:45:59,19.996929501990703,2022-06-01 04:45:59,16.26194507834182,2022-07-05 04:45:59,2022-06-24 04:45:59
2.30229783283399,2021-02-04 22:14:37,15.406415040744793,2021-02-09 22:14:37,19.955865779227608,2021-04-07 22:14:37,2021-02-25 22:14:37
10.756883236445049,2021-03-22 18:38:41,7.826961932379027,2021-03-29 18:38:41,20.60292229823734,2021-05-26 18:38:41,2021-04-14 18:38:41
3.219384616232675,2022-01-23 05:24:17,14.882962724186719,2022-02-18 05:24:17,11.754373024501167,2022-04-18 05:24:17,2022-03-13 05:24:17
6.131957092477899,2022-01-25 21:55:53,34.617051678894185,2022-02-09 21:55:53,15.76461524469205,2022-03-14 21:55:53,2022-01-26 21:55:53
3.115378013912942,2022-04-22 12:42:38,24.784386826526404,2022-04-29 12:42:38,27.239312252036886,2022-06-10 12:42:38,2022-04-27 12:42:38
2.490646798397547,2022-02-06 20:06:49,18.79614144923927,2022-02-09 20:06:49,30.238147426732993,2022-04-03 20:06:49,2022-02-06 20:06:49
13.277606302224655,2022-07-10 18:14:57,36.987898074046,2022-07-27 18:14:57,29.898690856682983,2022-09-22 18:14:57,2022-08-15 18:14:57
2.9054799199516474,2021-07-21 09:03:26,9.829832643247945,2021-08-12 09:03:26,14.583617041830639,2021-09-02 09:03:26,2021-08-20 09:03:26
4.118534382925912,2021-09-28 11:13:17,29.11511363569105,2021-10-19 11:13:17,16.747873721368947,2021-12-13 11:13:17,2021-09-28 11:13:17
7.228693830028492,2022-12-28 00:16:56,25.229822396063817,2023-01-06 00:16:56,23.490570496823647,2023-02-25 00:16:56,2023-02-10 00:16:56
5.593354450609629,2022-12-03 15:26:31,9.58634684351956,2022-12-31 15:26:31,17.39645291444945,2023-02-07 15:26:31,2022-12-27 15:26:31
16.456554868193717,2022-12-26 06:27:27,1.5063636798222435,2022-12-27 06:27:27,37.84249950906102,2023-01-13 06:27:27,2023-01-04 06:27:27
6.736435483673296,2021-12-04 22:59:58,6.390121073684198,2021-12-19 22:59:58,18.526757905892982,2022-02-03 22:59:58,2022-01-22 22:59:58
7.2432835456317815,2021-02-22 03:23:05,18.111166444887886,2021-03-15 03:23:05,28.47554589059268,2021-04-01 03:23:05,2021-02-23 03:23:05
2.5352208126280154,2021-08-05 10:51:39,9.117512488954588,2021-08-08 10:51:39,28.467507348297566,2021-08-23 10:51:39,2021-08-13 10:51:39
2.6766729870859884,2022-01-15 10:34:04,34.57938099923576,2022-01-21 10:34:04,15.000383464550367,2022-01-29 10:34:04,2022-01-25 10:34:04
1.0,2021-01-15 17:00:28,27.45036048901213,2021-01-20 17:00:28,24.384690759176976,2021-03-10 17:00:28,2021-01-20 17:00:28
6.589930278929285,2021-03-06 13:36:24,22.651217967016105,2021-03-10 13:36:24,11.200830746383527,2021-05-02 13:36:24,2021-03-22 13:36:24
1.0,2022-06-05 17:23:12,35.669654423930446,2022-06-29 17:23:12,36.06486544685798,2022-08-19 17:23:12,2022-07-18 17:23:12
1.0,2022-10-10 13:23:10,11.056718696981429,2022-11-04 13:23:10,25.358850395344156,2022-12-11 13:23:10,2022-10-13 13:23:10
8.113621141778193,2021-05-19 10:58:24,26.94404468978336,2021-05-30 10:58:24,27.31482462844065,2021-06-18 10:58:24,2021-05-24 10:58:24
1.040822667478533,2022-01-27 03:53:06,42.87656996348379,2022-02-07 03:53:06,19.22540328182195,2022-03-08 03:53:06,2022-02-11 03:53:06
1.2391794647859935,2022-02-23 03:31:06,23.502193868051723,2022-03-09 03:31:06,34.6192596331403,2022-04-16 03:31:06,2022-04-05 03:31:06
9.475846287767514,2022-05-05 07:27:34,48.02960211482069,2022-05-30 07:27:34,10.890124124241776,2022-07-02 07:27:34,2022-05-24 07:27:34
2.43869774170136,2021-02-10 14:30:51,27.88542569399781,2021-02-27 14:30:51,33.36752150023356,2021-03-27 14:30:51,2021-03-17 14:30:51
2.956058341622883,2021-05-15 02:19:52,28.45977460844985,2021-06-09 02:19:52,29.153606412611957,2021-07-19 02:19:52,2021-06-30 02:19:52
3.877271872542516,2021-02-02 09:47:02,30.19531799810689,2021-02-22 09:47:02,12.372407952032862,2021-03-27 09:47:02,2021-03-02 09:47:02
1.2668976894066952,2022-07-28 22:06:15,82.31828646593654,2022-08-24 22:06:15,30.39480662150768,2022-08-31 22:06:15,2022-07-28 22:06:15
7.1542866764479385,2021-04-09 23:30:51,22.5086625802724,2021-05-08 23:30:51,25.282086293355555,2021-06-12 23:30:51,2021-04-28 23:30:51
5.851358270959043,2022-12-27 06:48:58,9.565079045467742,2023-01-16 06:48:58,24.604365383197884,2023-01-24 06:48:58,2023-01-24 06:48:58
6.7536184377739685,2022-07-01 19:36:32,15.962447434125163,2022-07-10 19:36:32,6.952998909341385,2022-07-17 19:36:32,2022-07-10 19:36:32
1.7358919969927014,2022-09-05 02:15:10,2.934917471191469,2022-09-06 02:15:10,19.512409551744632,2022-10-21 02:15:10,2022-10-01 02:15:10
1.0,2022-04-07 07:34:26,41.35812071252548,2022-04-21 07:34:26,32.33764810292864,2022-06-19 07:34:26,2022-05-23 07:34:26
10.886862159028937,2021-01-05 01:55:10,35.79324457299149,2021-01-10 01:55:10,12.062613149851723,2021-01-31 01:55:10,2021-01-07 01:55:10
2.164227407422674,2022-02-02 00:03:26,53.593068482700986,2022-02-26 00:03:26,48.46102160236812,2022-04-16 00:03:26,2022-03-05 00:03:26
1.0,2021-01-15 06:30:19,39.50891932328768,2021-02-05 06:30:19,18.35069023091529,2021-03-02 06:30:19,2021-01-31 06:30:19
3.6604354061770854,2022-04-06 13:53:35,43.80055332900126,2022-04-14 13:53:35,15.741512060032553,2022-04-17 13:53:35,2022-04-12 13:53:35
9.22334091568886,2021-08-29 15:04:28,32.830978293144675,2021-09-03 15:04:28,29.03300481688768,2021-10-05 15:04:28,2021-09-15 15:04:28
1.675682919925796,2021-04-06 05:02:21,14.18983889881988,2021-04-08 05:02:21,1.0,2021-05-26 05:02:21,2021-05-16 05:02:21
1.0,2022-04-30 19:58:30,19.434876288746214,2022-05-28 19:58:30,15.58018561894258,2022-07-22 19:58:30,2022-05-04 19:58:30
11.142399534508344,2022-10-17 09:23:47,50.65065776453688,2022-10-19 09:23:47,26.546810902404115,2022-10-30 09:23:47,2022-10-18 09:23:47
1.8610266480374156,2022-06-09 17:23:43,36.55658037639877,2022-07-03 17:23:43,6.439386250177591,2022-07-24 17:23:43,2022-07-24 17:23:43
4.812282569333565,2022-11-30 06:11:39,16.40087358059027,2022-12-13 06:11:39,26.08307456533779,2023-01-14 06:11:39,2022-12-02 06:11:39
1.0,2022-08-01 17:47:24,45.5537605919485,2022-08-20 17:47:24,19.37561855830319,2022-08-22 17:47:24,2022-08-15 17:47:24
4.091726792273206,2022-07-28 13:38:00,69.33824320149208,2022-08-25 13:38:00,2.4318855412601437,2022-09-17 13:38:00,2022-08-08 13:38:00
3.082856379104481,2022-10-08 19:12:43,20.095227066645947,2022-10-26 19:12:43,9.753125780266922,2022-12-10 19:12:43,2022-11-10 19:12:43
18.114947634894488,2021-12-06 13:35:25,29.764160839024907,2021-12-21 13:35:25,27.627157887519346,2021-12-31 13:35:25,2021-12-08 13:35:25
1.0045912967689807,2021-11-27 05:00:47,15.848102115619664,2021-12-11 05:00:47,21.836993588911877,2021-12-25 05:00:47,2021-12-21 05:00:47
4.925232848407556,2022-05-21 21:02:46,33.339199862772105,2022-05-22 21:02:46,35.389403337219285,2022-07-16 21:02:46,2022-05-28 21:02:46
8.70353214783432,2021-12-14 06:06:16,13.529332309119871,2022-01-03 06:06:16,31.3254914201241,2022-01-12 06:06:16,2021-12-24 06:06:16
1.0,2021-08-19 06:36:16,31.778647661960306,2021-08-30 06:36:16,24.19876359431658,2021-09-18 06:36:16,2021-09-15 06:36:16
4.480373613680454,2022-01-20 18:34:02,11.6520193836401,2022-02-08 18:34:02,23.196671439627167,2022-02-11 18:34:02,2022-01-21 18:34:02
5.789328119310351,2022-09-25 15:16:56,25.350779469058153,2022-10-24 15:16:56,13.961294102067267,2022-11-25 15:16:56,2022-10-13 15:16:56
8.27296106330765,2021-09-16 16:07:33,34.71077071742275,2021-10-15 16:07:33,4.538246204359835,2021-12-08 16:07:33,2021-10-22 16:07:33
3.535323255544172,2022-04-01 01:32:10,4.3318353906653595,2022-04-09 01:32:10,17.837279645931574,2022-05-02 01:32:10,2022-05-02 01:32:10
3.0165077602914243,2022-10-11 01:02:28,9.210929515826933,2022-10-12 01:02:28,21.53042795149211,2022-10-31 01:02:28,2022-10-27 01:02:28
5.93705561561367,2021-08-13 03:45:45,13.089890204250468,2021-08-24 03:45:45,8.662002869389163,2021-09-05 03:45:45,2021-08-16 03:45:45
11.798008541288905,2022-11-15 18:23:19,46.986590652483436,2022-12-06 18:23:19,35.31986156645799,2022-12-29 18:23:19,2022-11-29 18:23:19
2.4502480782649187,2022-01-09 16:58:07,74.01063166555795,2022-01-19 16:58:07,6.385810234117873,2022-02-02 16:58:07,2022-01-21 16:58:07
2.9088031872896165,2022-08-31 19:07:20,28.807733049368217,2022-09-06 19:07:20,8.015368767623505,2022-10-12 19:07:20,2022-09-25 19:07:20
1.8195005643950615,2022-11-23 15:06:24,13.351398661173931,2022-12-06 15:06:24,34.020791880335395,2023-01-23 15:06:24,2022-11-27 15:06:24
5.103523593582223,2022-05-12 10:55:53,27.570204162935642,2022-05-13 10:55:53,24.795543877912735,2022-06-24 10:55:53,2022-06-08 10:55:53
1.0,2022-07-18 23:06:51,23.17881456284468,2022-07-27 23:06:51,15.20939085018762,2022-07-30 23:06:51,2022-07-27 23:06:51
1.8938809532342398,2022-05-25 18:08:38,46.38637293667467,2022-06-12 18:08:38,10.87857652309432,2022-06-22 18:08:38,2022-06-18 18:08:38
1.6177917661987116,2022-01-21 06:34:24,16.38064342981024,2022-02-10 06:34:24,37.234556968897394,2022-03-04 06:34:24,2022-03-04 06:34:24
4.247166121861955,2022-09-05 23:46:56,8.8107908058279,2022-09-28 23:46:56,22.254877684967102,2022-10-02 23:46:56,2022-09-15 23:46:56
4.203099725320624,2021-03-22 07:25:36,34.97394016816955,2021-04-02 07:25:36,11.93049509958167,2021-04-17 07:25:36,2021-04-04 07:25:36
2.5891490249665026,2021-01-02 00:14:14,50.11636100102941,2021-01-27 00:14:14,14.527532720277241,2021-03-20 00:14:14,2021-03-01 00:14:14
4.395061295205293,2021-08-13 15:28:00,28.315156208774283,2021-08-29 15:28:00,34.09222685259657,2021-10-25 15:28:00,2021-08-27 15:28:00
1.0,2022-02-07 12:58:37,27.217301348328487,2022-02-10 12:58:37,13.245772003473505,2022-03-17 12:58:37,2022-02-22 12:58:37
1.0,2021-05-10 14:07:39,19.11861962898569,2021-05-20 14:07:39,13.777163599558222,2021-07-08 14:07:39,2021-05-31 14:07:39
4.118891059495497,2022-11-03 07:18:29,21.899360557074758,2022-11-05 07:18:29,9.814801754629666,2022-12-19 07:18:29,2022-12-13 07:18:29
5.981363243016475,2022-02-20 17:42:14,13.494133862753737,2022-03-20 17:42:14,16.463156824340313,2022-05-17 17:42:14,2022-03-10 17:42:14
4.47524115406382,2022-03-15 03:31:28,74.30480211425338,2022-03-23 03:31:28,7.945434594859728,2022-03-28 03:31:28,2022-03-24 03:31:28
1.470417218971716,2021-10-21 18:51:03,12.76281466504283,2021-11-15 18:51:03,15.08805503769022,2021-12-13 18:51:03,2021-11-03 18:51:03
1.0,2022-09-02 18:15:33,16.56932263075894,2022-09-20 18:15:33,23.357658849890058,2022-11-08 18:15:33,2022-10-19 18:15:33
13.04817596820512,2022-05-26 22:23:43,28.604696786838907,2022-06-24 22:23:43,17.534834979656072,2022-08-03 22:23:43,2022-07-20 22:23:43
2.917382451856815,2021-05-24 06:59:44,21.918957830246182,2021-06-20 06:59:44,24.850617965029656,2021-08-05 06:59:44,2021-07-14 06:59:44
1.0,2021-07-20 11:41:47,84.49674146062769,2021-07-23 11:41:47,19.42338651868303,2021-08-19 11:41:47,2021-08-02 11:41:47
6.6114249293600755,2021-07-06 14:21:03,22.10020732160889,2021-07-12 14:21:03,25.79482464188002,2021-07-27 14:21:03,2021-07-07 14:21:03
1.0,2021-12-15 13:50:11,36.85998156750669,2021-12-28 13:50:11,17.69481089683565,2022-01-27 13:50:11,2022-01-01 13:50:11
6.307619047769302,2022-02-07 09:39:14,44.58885470938175,2022-02-26 09:39:14,1.0,2022-03-06 09:39:14,2022-02-20 09:39:14
1.0,2022-05-26 03:10:11,43.79367768323413,2022-06-09 03:10:11,22.32273879617921,2022-08-03 03:10:11,2022-06-06 03:10:11
6.161959538358789,2022-12-12 23:16:03,62.12153441197631,2023-01-03 23:16:03,15.051777165334926,2023-02-21 23:16:03,2022-12-19 23:16:03
11.469030127833307,2022-05-04 23:34:56,40.49558328618097,2022-05-17 23:34:56,30.62604607390937,2022-07-13 23:34:56,2022-05-26 23:34:56
3.9231768472108324,2022-10-02 03:05:11,9.919475667351676,2022-10-17 03:05:11,19.158693328447622,2022-11-06 03:05:11,2022-10-23 03:05:11
1.0,2022-10-03 00:30:02,82.58746244384572,2022-10-25 00:30:02,27.691262243717432,2022-11-07 00:30:02,2022-10-28 00:30:02
2.7301387538117505,2022-04-18 13:07:34,23.902176347716537,2022-05-07 13:07:34,13.603162485069795,2022-05-13 13:07:34,2022-04-24 13:07:34
1.0,2022-02-19 23:53:01,12.49685086110643,2022-03-09 23:53:01,28.970124013585583,2022-03-10 23:53:01,2022-03-06 23:53:01
2.5622900011509486,2021-10-25 08:25:06,25.542480989389656,2021-11-06 08:25:06,20.427998276612662,2021-12-22 08:25:06,2021-11-22 08:25:06
3.2117041807090385,2021-09-20 13:00:43,43.598714508398224,2021-09-28 13:00:43,13.61884224113577,2021-11-26 13:00:43,2021-10-25 13:00:43
1.0,2021-05-24 04:32:51,47.08673744760616,2021-06-07 04:32:51,1.0,2021-07-19 04:32:51,2021-06-24 04:32:51
4.513415191790585,2022-07-26 00:34:09,61.87251254636245,2022-08-18 00:34:09,19.78461676352187,2022-10-07 00:34:09,2022-08-13 00:34:09
1.0,2021-10-31 05:48:52,98.44096677867262,2021-11-25 05:48:52,11.362863150177954,2021-12-13 05:48:52,2021-11-11 05:48:52
6.76269776035392,2021-02-06 08:17:35,49.02132310908808,2021-02-07 08:17:35,12.42745238168244,2021-02-13 08:17:35,2021-02-09 08:17:35
5.554929139559381,2021-01-09 02:03:20,45.73845600342299,2021-01-10 02:03:20,26.16293292907944,2021-02-28 02:03:20,2021-02-18 02:03:20
2.0781373313908285,2021-04-09 11:50:42,35.22670037151623,2021-04-10 11:50:42,1.0,2021-05-16 11:50:42,2021-05-16 11:50:42
1.0,2021-07-27 18:31:30,49.542618109479164,2021-08-13 18:31:30,39.04937760949482,2021-10-01 18:31:30,2021-09-28 18:31:30
8.251353395326559,2022-02-08 01:44:55,50.31020786859752,2022-03-01 01:44:55,36.383465588869434,2022-03-27 01:44:55,2022-03-23 01:44:55
6.184477835248753,2021-02-23 16:24:00,28.240019952237066,2021-03-13 16:24:00,26.602681412300115,2021-04-16 16:24:00,2021-04-13 16:24:00
2.184857007280226,2022-09-20 03:34:34,38.88469242458824,2022-10-10 03:34:34,15.704543923606602,2022-11-15 03:34:34,2022-10-20 03:34:34
1.761496571056203,2022-09-17 09:05:11,39.59321707905492,2022-10-12 09:05:11,28.457318072303607,2022-12-08 09:05:11,2022-10-27 09:05:11
2.6656533732398575,2022-02-24 14:49:11,15.84071837813908,2022-03-11 14:49:11,19.152114639610115,2022-03-28 14:49:11,2022-03-08 14:49:11
17.07200600284504,2021-09-11 13:25:54,11.36696916442929,2021-09-30 13:25:54,21.210084157381687,2021-10-25 13:25:54,2021-09-13 13:25:54
2.2680467856465514,2021-04-22 00:42:37,12.944898889784076,2021-05-19 00:42:37,38.56915210256411,2021-07-14 00:42:37,2021-06-06 00:42:37
1.1679414624959055,2022-04-18 22:46:58,42.313937318132695,2022-05-16 22:46:58,21.389043895165386,2022-07-14 22:46:58,2022-06-20 22:46:58
7.284307128058409,2021-06-02 19:01:37,34.99806160727291,2021-06-26 19:01:37,39.0599456724688,2021-07-24 19:01:37,2021-07-03 19:01:37
6.109552586512241,2021-12-04 21:31:45,62.785230307424364,2021-12-13 21:31:45,12.640810485413601,2021-12-28 21:31:45,2021-12-15 21:31:45
1.0,2021-06-12 16:58:55,13.360643047004917,2021-07-07 16:58:55,19.62386265536225,2021-07-11 16:58:55,2021-07-07 16:58:55
8.53151921537725,2022-11-12 10:41:07,14.470865064458312,2022-11-14 10:41:07,14.144085129779866,2022-12-11 10:41:07,2022-12-01 10:41:07
4.455306364257663,2022-02-02 01:06:27,20.823016947686348,2022-02-10 01:06:27,6.520924543159751,2022-03-15 01:06:27,2022-02-06 01:06:27
1.7831990747576596,2022-05-19 06:13:19,34.279678552232305,2022-05-27 06:13:19,23.26988847167977,2022-06-16 06:13:19,2022-06-04 06:13:19
2.1400786650262145,2022-01-27 12:50:14,5.028205125382586,2022-02-11 12:50:14,32.35051634033631,2022-03-04 12:50:14,2022-03-04 12:50:14
8.15095983023398,2021-07-14 19:31:11,17.308512285677146,2021-07-25 19:31:11,21.40800883727052,2021-09-03 19:31:11,2021-09-02 19:31:11
1.9665938131669138,2021-02-02 19:28:11,40.989747372412275,2021-02-17 19:28:11,12.51427356803745,2021-03-30 19:28:11,2021-02-12 19:28:11
5.8562740109534275,2022-04-15 05:30:30,5.231313476901729,2022-05-04 05:30:30,28.197231408436206,2022-05-14 05:30:30,2022-04-21 05:30:30
1.0,2021-01-22 01:54:53,18.138101586641245,2021-02-20 01:54:53,9.941273855320299,2021-04-05 01:54:53,2021-03-24 01:54:53
1.6383779063137383,2022-11-01 22:11:49,4.099223703625871,2022-11-12 22:11:49,26.14487845998722,2022-12-14 22:11:49,2022-11-03 22:11:49
1.463842502613455,2021-08-18 00:57:16,22.772313953382415,2021-08-19 00:57:16,11.013671226571095,2021-09-27 00:57:16,2021-09-23 00:57:16
10.360300837406877,2022-07-17 21:10:13,54.292379949867495,2022-08-03 21:10:13,27.246142676122147,2022-09-09 21:10:13,2022-08-10 21:10:13
15.56398092186143,2021-10-10 08:32:26,44.402317670033774,2021-10-21 08:32:26,11.905766775352141,2021-11-16 08:32:26,2021-11-15 08:32:26
10.55961456543541,2021-08-14 13:26:44,31.634815247205083,2021-09-12 13:26:44,12.205676424669047,2021-10-04 13:26:44,2021-09-02 13:26:44
1.3304695496289436,2022-09-01 11:03:10,57.11967453584681,2022-09-15 11:03:10,18.061389426421155,2022-10-25 11:03:10,2022-09-27 11:03:10
1.827950827713637,2022-04-26 11:19:24,38.53923074834452,2022-05-08 11:19:24,8.942571185382867,2022-07-06 11:19:24,2022-06-07 11:19:24
8.184923460425717,2022-10-21 15:47:15,10.261879300630778,2022-11-17 15:47:15,20.327922286741806,2023-01-06 15:47:15,2022-12-03 15:47:15
1.0,2022-07-01 20:29:04,43.10909902132798,2022-07-13 20:29:04,24.907868452149177,2022-07-26 20:29:04,2022-07-08 20:29:04
17.987227461175046,2021-06-21 05:09:49,8.601581215879953,2021-07-18 05:09:49,17.252569184483665,2021-08-19 05:09:49,2021-07-10 05:09:49
9.468077417225052,2022-04-22 23:03:09,27.45697830286921,2022-04-26 23:03:09,14.645658752487147,2022-05-05 23:03:09,2022-04-26 23:03:09
1.0,2022-01-08 12:05:25,23.087923825137622,2022-01-23 12:05:25,31.113490733423678,2022-03-01 12:05:25,2022-02-13 12:05:25
2.5127716492705403,2021-04-09 09:03:55,67.53302640588367,2021-04-18 09:03:55,40.064039681341626,2021-05-30 09:03:55,2021-05-13 09:03:55
5.731513958666794,2021-02-06 05:11:51,73.42773892513755,2021-03-03 05:11:51,18.03988761032208,2021-04-11 05:11:51,2021-03-08 05:11:51
1.0,2021-12-15 00:05:01,34.67696233746979,2022-01-12 00:05:01,6.223029225628062,2022-01-28 00:05:01,2022-01-27 00:05:01
5.627410169353773,2021-06-30 18:23:55,21.895160695134937,2021-07-15 18:23:55,34.78956339399254,2021-08-18 18:23:55,2021-07-29 18:23:55
5.594701287043879,2021-04-26 18:15:26,33.12909457960665,2021-04-28 18:15:26,4.819756136578297,2021-05-08 18:15:26,2021-05-04 18:15:26
4.037399024024521,2021-09-10 01:41:42,53.55896746604792,2021-09-26 01:41:42,26.262213556960354,2021-10-20 01:41:42,2021-10-09 01:41:42
2.4991447882804927,2021-06-10 23:41:54,53.454986647264825,2021-07-03 23:41:54,23.68225052284852,2021-07-13 23:41:54,2021-06-14 23:41:54
1.0,2021-05-08 07:24:01,33.651938860722424,2021-05-09 07:24:01,8.189234107980774,2021-06-23 07:24:01,2021-06-02 07:24:01
1.0135479166075378,2022-07-20 18:21:45,86.10561932010717,2022-08-18 18:21:45,14.536322942083672,2022-09-13 18:21:45,2022-07-24 18:21:45
8.435825149159607,2021-11-19 14:24:45,78.06444914575151,2021-12-05 14:24:45,34.03602248503933,2022-01-08 14:24:45,2021-12-05 14:24:45
11.336575148128345,2022-09-18 20:16:31,4.304475474031351,2022-10-03 20:16:31,1.0,2022-11-09 20:16:31,2022-10-01 20:16:31
4.71887433629442,2022-10-25 09:56:17,88.66924069011971,2022-11-15 09:56:17,3.245137436062034,2022-11-19 09:56:17,2022-11-17 09:56:17
1.398327047490349,2022-10-01 22:47:54,19.48798112950471,2022-10-29 22:47:54,15.090741446543388,2022-11-27 22:47:54,2022-10-22 22:47:54
3.787970027353852,2022-05-05 12:30:17,21.79602964125713,2022-05-19 12:30:17,31.347001659307487,2022-06-10 12:30:17,2022-05-05 12:30:17
1.1669269629704098,2021-04-14 21:41:09,74.98110834471582,2021-05-10 21:41:09,38.075103062839716,2021-06-04 21:41:09,2021-05-23 21:41:09
2.1006546196528992,2021-06-25 15:12:28,55.78865536287928,2021-07-16 15:12:28,26.09341785602296,2021-07-27 15:12:28,2021-07-23 15:12:28
4.936068954676501,2022-11-13 05:19:50,65.35693557032374,2022-12-07 05:19:50,14.244256003934524,2023-01-22 05:19:50,2022-12-13 05:19:50
2.140364556680155,2022-06-22 14:09:53,31.42145545119982,2022-07-17 14:09:53,1.0,2022-09-10 14:09:53,2022-07-14 14:09:53
15.785705193401562,2022-02-12 02:25:16,39.90180269260525,2022-02-15 02:25:16,27.61227937976222,2022-03-07 02:25:16,2022-02-23 02:25:16
16.95166186282701,2022-05-21 19:31:56,28.572601388485015,2022-05-27 19:31:56,23.93409629474428,2022-06-20 19:31:56,2022-05-23 19:31:56
1.0,2021-01-20 00:39:28,14.201664910594257,2021-01-31 00:39:28,21.918564144841508,2021-03-19 00:39:28,2021-02-14 00:39:28
2.8918299482518077,2022-05-27 19:27:11,28.255820636373524,2022-06-03 19:27:11,10.735259117621553,2022-07-04 19:27:11,2022-06-09 19:27:11
5.213237654335792,2022-10-16 15:29:26,25.435202432433996,2022-11-07 15:29:26,37.1897411002675,2022-12-02 15:29:26,2022-11-09 15:29:26
7.432721073101227,2021-05-23 03:43:23,5.697456672534145,2021-06-17 03:43:23,21.751275032936164,2021-06-22 03:43:23,2021-06-01 03:43:23
4.013182778978941,2021-12-20 21:50:57,19.051856451797427,2022-01-03 21:50:57,19.15578543368935,2022-02-03 21:50:57,2022-01-27 21:50:57
1.5709658005997231,2022-12-28 14:42:01,9.968373029051138,2023-01-07 14:42:01,1.0029911686520876,2023-02-20 14:42:01,2023-01-13 14:42:01
17.434401558683877,2022-07-29 13:58:20,2.6928243111282253,2022-08-02 13:58:20,18.366050955335588,2022-09-28 13:58:20,2022-09-23 13:58:20
5.67823468006381,2021-05-30 15:26:49,32.99845953153966,2021-05-31 15:26:49,3.539287260508196,2021-06-23 15:26:49,2021-06-22 15:26:49
1.1651029436477907,2022-07-24 15:44:21,6.501720451496579,2022-08-20 15:44:21,28.637214084857,2022-10-15 15:44:21,2022-10-09 15:44:21
6.357225565279051,2021-11-01 19:31:53,5.2506072942971125,2021-11-05 19:31:53,30.78148912428433,2021-12-28 19:31:53,2021-12-23 19:31:53
5.736193200570256,2021-02-23 04:15:38,10.66736104306219,2021-03-21 04:15:38,17.39795520309991,2021-04-07 04:15:38,2021-03-21 04:15:38
1.0,2022-03-20 22:15:35,29.255437626449417,2022-04-11 22:15:35,33.288405286924,2022-04-13 22:15:35,2022-04-05 22:15:35
2.3528028825053906,2021-02-22 00:50:51,16.674011573655036,2021-03-23 00:50:51,21.869142066323505,2021-05-18 00:50:51,2021-04-07 00:50:51
21.617334350897988,2022-09-12 15:00:21,9.16018865994667,2022-09-27 15:00:21,16.631828322581466,2022-09-29 15:00:21,2022-09-23 15:00:21
4.863786589826334,2021-12-16 19:21:18,46.427150522205324,2021-12-22 19:21:18,15.889911881784057,2022-01-18 19:21:18,2021-12-26 19:21:18
12.03341077893003,2022-10-18 04:43:39,21.698443304482947,2022-11-06 04:43:39,24.354659479305177,2022-11-28 04:43:39,2022-10-31 04:43:39
3.1579217220758995,2021-04-16 23:13:33,3.2166015605305054,2021-05-04 23:13:33,18.56708152901174,2021-05-21 23:13:33,2021-04-27 23:13:33
2.882247000428055,2022-10-21 20:30:47,47.71264619330456,2022-11-14 20:30:47,27.799215315928983,2023-01-06 20:30:47,2022-10-27 20:30:47
1.837345706733754,2022-08-27 07:12:25,10.352974978109337,2022-09-21 07:12:25,16.799254938231837,2022-11-17 07:12:25,2022-09-28 07:12:25
3.5453101651015335,2022-04-19 02:18:28,38.52619516778531,2022-05-15 02:18:28,11.016200367183105,2022-06-17 02:18:28,2022-06-02 02:18:28
1.0,2021-05-07 20:45:40,33.368780711181834,2021-05-17 20:45:40,29.457303475914053,2021-07-14 20:45:40,2021-06-23 20:45:40
4.66171282303188,2022-10-03 18:30:17,13.333932169029728,2022-10-07 18:30:17,21.47898373668392,2022-10-12 18:30:17,2022-10-07 18:30:17
8.833364446995525,2022-09-26 04:41:36,25.119228078417375,2022-10-12 04:41:36,16.944509087681073,2022-10-25 04:41:36,2022-10-12 04:41:36
6.158345097709011,2021-04-06 02:10:05,10.56994754216632,2021-04-25 02:10:05,22.670568660486005,2021-05-12 02:10:05,2021-04-22 02:10:05
2.4901763805769233,2021-04-28 05:34:16,78.22652845824268,2021-05-09 05:34:16,15.655799360287347,2021-06-21 05:34:16,2021-05-15 05:34:16
3.888570421707441,2022-05-03 15:42:36,21.01848698642203,2022-05-13 15:42:36,15.447810408834254,2022-06-02 15:42:36,2022-05-07 15:42:36
7.098652942755347,2021-09-29 03:45:00,26.867051635171904,2021-10-15 03:45:00,21.58153614193738,2021-11-04 03:45:00,2021-10-02 03:45:00
1.0,2022-12-05 02:41:02,14.577351066614902,2022-12-20 02:41:02,4.236912667463251,2023-01-17 02:41:02,2023-01-08 02:41:02
1.276217596009637,2022-08-04 16:33:58,22.31534791130246,2022-08-21 16:33:58,15.319630750338883,2022-10-18 16:33:58,2022-09-29 16:33:58
19.363127680612756,2021-03-17 18:40:15,18.261423113307206,2021-03-19 18:40:15,24.18176259556624,2021-03-31 18:40:15,2021-03-17 18:40:15
1.0,2022-03-11 03:41:24,52.47462752924871,2022-03-25 03:41:24,9.704086442867615,2022-04-14 03:41:24,2022-03-26 03:41:24
1.0,2021-03-27 23:31:04,28.063606970422857,2021-04-04 23:31:04,20.852688405660274,2021-04-11 23:31:04,2021-03-29 23:31:04
5.688172846362253,2021-10-12 17:03:09,47.13585922541992,2021-11-03 17:03:09,40.23936486257201,2021-12-30 17:03:09,2021-10-30 17:03:09
3.017212119130353,2021-08-08 15:05:40,17.973804219407814,2021-08-30 15:05:40,15.546792083324185,2021-10-25 15:05:40,2021-08-13 15:05:40
1.0,2021-02-16 21:53:52,91.87996851733465,2021-03-03 21:53:52,41.71408352179054,2021-03-08 21:53:52,2021-03-06 21:53:52
1.0,2021-04-04 21:53:01,44.15200148714055,2021-04-05 21:53:01,14.12393843825482,2021-05-04 21:53:01,2021-04-17 21:53:01
8.247430766657327,2022-03-29 12:11:59,79.4135163802315,2022-04-22 12:11:59,22.940329257339222,2022-05-17 12:11:59,2022-05-11 12:11:59
18.679865834074498,2021-08-06 09:47:27,43.287739499079294,2021-08-12 09:47:27,33.49270706051637,2021-08-23 09:47:27,2021-08-18 09:47:27
5.605260405162338,2021-12-07 17:25:52,8.297802043053478,2021-12-27 17:25:52,13.109662240368419,2022-02-06 17:25:52,2022-01-16 17:25:52
8.612179149952029,2021-09-11 16:25:01,87.61950838444787,2021-10-08 16:25:01,30.58941372580047,2021-10-19 16:25:01,2021-10-09 16:25:01
1.2743962489227205,2021-12-23 07:24:06,4.4533115760893125,2022-01-11 07:24:06,12.24080739775252,2022-02-12 07:24:06,2022-01-02 07:24:06
15.738343597578075,2022-06-06 22:06:45,15.71718437258582,2022-06-17 22:06:45,36.554220968452206,2022-07-25 22:06:45,2022-07-25 22:06:45
3.514572661068452,2021-04-10 18:59:45,4.184200032376617,2021-04-16 18:59:45,2.7911226127908932,2021-06-08 18:59:45,2021-04-18 18:59:45
1.2059672889277313,2021-06-29 11:09:18,30.15164103400432,2021-07-18 11:09:18,1.0,2021-08-05 11:09:18,2021-07-01 11:09:18
4.062979620110899,2022-10-21 02:43:43,52.247527756120924,2022-10-25 02:43:43,17.57358661367762,2022-12-21 02:43:43,2022-11-17 02:43:43
1.136071440928232,2021-11-21 04:32:44,9.296913395428632,2021-12-01 04:32:44,30.103818155126124,2022-01-28 04:32:44,2021-12-19 04:32:44
13.345044366770175,2022-05-31 07:41:03,32.23402588025046,2022-06-24 07:41:03,22.206539502071355,2022-07-09 07:41:03,2022-06-18 07:41:03
3.139496520010659,2021-12-02 08:36:17,25.143239209277347,2021-12-13 08:36:17,39.28886982290838,2021-12-30 08:36:17,2021-12-05 08:36:17
1.4062322693114448,2022-05-12 13:38:35,14.044323688328332,2022-06-04 13:38:35,9.53600473302322,2022-06-28 13:38:35,2022-06-20 13:38:35
4.516036628908359,2021-06-09 16:54:50,28.54423942613525,2021-07-08 16:54:50,13.241979031461973,2021-08-21 16:54:50,2021-06-24 16:54:50
1.5726401612976715,2022-10-26 16:27:55,13.106746445961681,2022-11-18 16:27:55,15.452575595528462,2022-12-07 16:27:55,2022-11-19 16:27:55
11.97662659020178,2022-11-21 03:18:58,42.27503142681894,2022-12-13 03:18:58,28.661338509298737,2023-01-19 03:18:58,2022-12-25 03:18:58
2.5004565924395594,2022-01-15 01:06:40,6.928206008263662,2022-01-23 01:06:40,2.74135748978059,2022-01-28 01:06:40,2022-01-20 01:06:40
1.0,2022-11-22 10:38:24,41.17939619919863,2022-12-01 10:38:24,9.793268698913591,2023-01-09 10:38:24,2022-12-05 10:38:24
10.879070980338899,2021-06-17 19:17:29,10.885559122687393,2021-06-18 19:17:29,32.73658997796156,2021-06-22 19:17:29,2021-06-20 19:17:29
2.23368499733387,2021-02-12 05:46:04,22.29578890369471,2021-03-03 05:46:04,21.05296753450656,2021-03-04 05:46:04,2021-02-17 05:46:04
5.169059644521685,2022-02-01 23:53:47,22.76368107933249,2022-02-25 23:53:47,26.949296243258786,2022-03-27 23:53:47,2022-02-13 23:53:47
9.655695973763567,2022-08-30 00:56:13,15.486908607584764,2022-09-16 00:56:13,28.719134594493426,2022-10-03 00:56:13,2022-09-19 00:56:13
3.4990371042726407,2021-09-10 07:35:50,46.90038964570951,2021-09-19 07:35:50,22.255717948461065,2021-11-01 07:35:50,2021-09-18 07:35:50
13.095922143701726,2021-03-31 07:02:31,20.636860683622036,2021-04-28 07:02:31,28.737981288126658,2021-06-03 07:02:31,2021-05-30 07:02:31
6.96676544762702,2022-08-28 04:15:05,32.74068456249469,2022-09-14 04:15:05,28.805316376351925,2022-11-03 04:15:05,2022-08-30 04:15:05
2.3702253235300623,2022-08-25 21:19:57,26.47028096485675,2022-09-06 21:19:57,31.53023855670835,2022-10-06 21:19:57,2022-09-14 21:19:57
1.0,2022-02-22 15:57:38,24.05470822166278,2022-03-08 15:57:38,16.11703399344412,2022-04-20 15:57:38,2022-02-26 15:57:38
9.289507793995483,2022-09-09 05:39:18,61.148104819626276,2022-09-18 05:39:18,17.90852281463733,2022-11-07 05:39:18,2022-09-12 05:39:18
5.428600513008358,2021-07-15 22:59:05,38.96260029926401,2021-07-22 22:59:05,19.43601019180558,2021-08-09 22:59:05,2021-07-19 22:59:05
6.110826725516402,2022-05-16 10:41:53,18.296800173710167,2022-06-01 10:41:53,10.825720463697108,2022-07-07 10:41:53,2022-05-18 10:41:53
1.0,2022-05-08 03:08:58,34.28545901875051,2022-05-22 03:08:58,37.93267241158058,2022-05-23 03:08:58,2022-05-22 03:08:58
1.0,2022-02-17 02:05:43,26.488646191548742,2022-02-23 02:05:43,27.18562000386013,2022-02-28 02:05:43,2022-02-22 02:05:43
1.3722049697625285,2022-02-24 09:18:16,22.752839922821963,2022-03-11 09:18:16,31.80885690185515,2022-05-06 09:18:16,2022-04-12 09:18:16
20.199175716299635,2021-10-04 12:20:25,10.306407793187567,2021-11-01 12:20:25,35.804786641147295,2021-11-19 12:20:25,2021-10-23 12:20:25
3.1792087834394063,2022-04-02 09:55:35,8.495098558686426,2022-04-27 09:55:35,11.912204660590339,2022-05-26 09:55:35,2022-04-11 09:55:35
5.482272336855826,2021-07-11 23:04:02,25.935404942758865,2021-07-24 23:04:02,18.90688975445492,2021-08-10 23:04:02,2021-07-23 23:04:02
1.0,2022-07-02 10:30:41,18.21909370884634,2022-07-28 10:30:41,8.065047418561681,2022-08-18 10:30:41,2022-08-07 10:30:41
5.453806322440032,2021-04-06 16:23:51,65.05154250744064,2021-04-26 16:23:51,18.44955763836136,2021-04-28 16:23:51,2021-04-09 16:23:51
10.353048948769711,2022-10-25 02:02:37,35.81550751811681,2022-10-30 02:02:37,28.759126258884585,2022-12-05 02:02:37,2022-11-28 02:02:37
5.430683558449009,2021-02-06 12:26:51,23.814477862556917,2021-02-21 12:26:51,41.98847203474102,2021-03-13 12:26:51,2021-02-23 12:26:51
2.096391321161199,2022-01-04 05:35:50,6.933708065621667,2022-01-30 05:35:50,19.758929819031362,2022-02-18 05:35:50,2022-01-18 05:35:50
1.799548751526141,2022-06-09 12:01:26,8.850736665233612,2022-06-27 12:01:26,20.69238019914832,2022-08-20 12:01:26,2022-06-10 12:01:26
1.0,2021-08-05 19:00:50,39.993442482517615,2021-08-18 19:00:50,6.893590015758196,2021-09-05 19:00:50,2021-08-19 19:00:50
16.637436674804388,2021-09-30 03:59:57,11.847215770582823,2021-10-11 03:59:57,17.161378546566965,2021-11-23 03:59:57,2021-11-04 03:59:57
1.6477529499053651,2022-08-19 13:02:39,30.040885292807292,2022-08-30 13:02:39,14.155487648143348,2022-09-12 13:02:39,2022-09-10 13:02:39
1.0,2022-12-30 14:01:57,69.46439394879715,2023-01-11 14:01:57,30.882849992145598,2023-02-27 14:01:57,2023-01-04 14:01:57
19.331319432861868,2022-02-01 18:23:54,60.10593340201555,2022-02-20 18:23:54,28.864187668036127,2022-03-03 18:23:54,2022-02-09 18:23:54
10.68536293715231,2021-01-19 13:08:00,47.43992665684631,2021-01-31 13:08:00,15.804122164133336,2021-03-05 13:08:00,2021-03-04 13:08:00
7.927339040600047,2022-09-04 04:39:39,26.652649692545317,2022-09-27 04:39:39,15.262888775811831,2022-11-15 04:39:39,2022-10-14 04:39:39
2.7397912693737263,2022-03-21 20:15:36,22.909692184151982,2022-04-11 20:15:36,21.571162061957974,2022-05-09 20:15:36,2022-04-25 20:15:36
4.0372227035994,2021-03-17 19:24:56,1.0,2021-04-10 19:24:56,38.33267147684944,2021-06-04 19:24:56,2021-04-02 19:24:56
8.79879218152279,2022-03-31 16:26:03,14.889515577856391,2022-04-19 16:26:03,25.772580736221773,2022-06-01 16:26:03,2022-04-25 16:26:03
6.573237718203337,2022-12-19 14:25:34,24.405584430015015,2023-01-07 14:25:34,16.877387433436446,2023-02-18 14:25:34,2022-12-28 14:25:34
1.0,2022-01-19 08:58:27,25.086626000987888,2022-01-20 08:58:27,31.17686817913485,2022-03-05 08:58:27,2022-01-24 08:58:27
6.138784217975417,2022-05-21 01:31:26,30.071857823769164,2022-06-04 01:31:26,9.294052377332989,2022-06-25 01:31:26,2022-06-13 01:31:26
4.2244818437509055,2021-05-24 03:05:30,6.967416762734119,2021-06-10 03:05:30,9.727215939542058,2021-07-10 03:05:30,2021-07-05 03:05:30
1.0,2022-04-14 16:49:26,26.18034278788171,2022-04-16 16:49:26,24.481966243772,2022-06-08 16:49:26,2022-05-31 16:49:26
4.055711686993138,2021-05-24 07:33:12,61.935293079302724,2021-05-31 07:33:12,45.262750856619896,2021-07-17 07:33:12,2021-06-28 07:33:12
4.339233653620938,2021-02-08 23:21:16,58.14317538154247,2021-03-05 23:21:16,23.595321681376003,2021-04-06 23:21:16,2021-03-19 23:21:16
1.0,2022-11-24 05:59:05,78.16344277365427,2022-11-30 05:59:05,28.558321424022743,2023-01-26 05:59:05,2022-12-09 05:59:05
3.9016776068723678,2021-07-05 03:06:14,39.94949080282689,2021-07-26 03:06:14,16.191308719393056,2021-08-18 03:06:14,2021-08-14 03:06:14
1.0,2022-02-02 02:35:48,4.102829326108796,2022-02-22 02:35:48,18.361512846088264,2022-03-19 02:35:48,2022-03-18 02:35:48
1.0,2021-06-12 10:35:02,15.787690501373936,2021-07-02 10:35:02,27.46700552881625,2021-08-03 10:35:02,2021-06-23 10:35:02
5.647707411133123,2021-08-23 01:53:21,8.707557299583327,2021-09-15 01:53:21,12.024961268579005,2021-10-22 01:53:21,2021-08-31 01:53:21
9.36585472581937,2022-08-11 13:22:16,14.657062900889098,2022-08-12 13:22:16,13.744421837154627,2022-09-22 13:22:16,2022-08-12 13:22:16
2.8857218757121252,2021-03-15 23:01:13,13.345454129821034,2021-03-21 23:01:13,28.908320898952542,2021-04-21 23:01:13,2021-04-05 23:01:13
2.663395132839314,2022-05-07 20:09:52,19.70981668500699,2022-05-22 20:09:52,28.091011634449963,2022-06-04 20:09:52,2022-05-23 20:09:52
3.086874178016357,2021-09-10 12:17:41,25.37220509924979,2021-09-27 12:17:41,37.10852712510674,2021-10-03 12:17:41,2021-09-16 12:17:41
4.340104861661591,2022-06-03 06:01:17,11.363625875382628,2022-06-07 06:01:17,17.37256262915212,2022-06-08 06:01:17,2022-06-06 06:01:17
12.252131237108557,2022-10-15 13:59:03,27.060510180297076,2022-11-10 13:59:03,15.428596691628663,2022-11-18 13:59:03,2022-10-31 13:59:03
2.737711185057295,2021-06-19 17:27:36,19.450564208012715,2021-07-11 17:27:36,6.406926619868905,2021-09-05 17:27:36,2021-08-17 17:27:36
10.996461523738617,2022-09-26 23:11:00,4.083591204043721,2022-10-23 23:11:00,43.69938288237076,2022-11-15 23:11:00,2022-10-29 23:11:00
1.0,2021-01-29 15:11:33,28.475543912091368,2021-01-31 15:11:33,1.0478913720711915,2021-03-19 15:11:33,2021-02-07 15:11:33
1.0,2021-12-05 07:51:35,3.2463726334683867,2021-12-21 07:51:35,27.98438192392531,2021-12-26 07:51:35,2021-12-14 07:51:35
2.9324655170974667,2022-05-11 11:45:48,32.43616951310914,2022-06-01 11:45:48,12.941896950469577,2022-06-30 11:45:48,2022-06-24 11:45:48
5.520017102807278,2021-12-08 16:04:14,26.258383798771213,2021-12-21 16:04:14,25.971809921872122,2022-01-12 16:04:14,2021-12-23 16:04:14
8.50014939030361,2021-11-23 10:18:00,17.633697558367146,2021-12-04 10:18:00,12.70834044874209,2021-12-09 10:18:00,2021-11-29 10:18:00
1.0,2021-10-28 09:58:29,51.75251472307914,2021-11-08 09:58:29,10.894056570916225,2021-11-25 09:58:29,2021-11-13 09:58:29
5.291950300211495,2021-09-09 05:31:10,6.996523108442793,2021-09-25 05:31:10,10.057987383335638,2021-10-13 05:31:10,2021-09-29 05:31:10
9.37782052217628,2022-03-21 07:26:30,30.1968621282366,2022-03-31 07:26:30,24.83406128799343,2022-05-15 07:26:30,2022-05-02 07:26:30
3.4703368185397245,2021-04-01 07:01:29,40.87607732989749,2021-04-05 07:01:29,21.845678831633222,2021-05-29 07:01:29,2021-04-21 07:01:29
1.0,2022-06-15 04:18:05,19.571390588744435,2022-07-04 04:18:05,28.182878627795347,2022-08-12 04:18:05,2022-07-14 04:18:05
6.12507070907673,2022-03-27 23:56:28,7.186547528757657,2022-04-22 23:56:28,19.75623202962794,2022-04-23 23:56:28,2022-04-07 23:56:28
11.322927271758438,2022-10-15 02:37:15,11.611164256756515,2022-11-06 02:37:15,27.573325574632737,2023-01-03 02:37:15,2022-10-15 02:37:15
2.205259866936857,2022-09-30 08:25:55,32.38958292043917,2022-10-07 08:25:55,25.77035686398856,2022-11-07 08:25:55,2022-10-10 08:25:55
5.96449634308581,2022-04-21 16:03:19,3.2935783344178957,2022-05-09 16:03:19,22.401415029865674,2022-06-02 16:03:19,2022-05-21 16:03:19
1.0,2021-12-27 11:55:18,39.23921057161871,2022-01-08 11:55:18,29.117375492757667,2022-03-03 11:55:18,2022-03-01 11:55:18
4.055253617305862,2021-01-01 10:54:58,12.904554710204586,2021-01-23 10:54:58,12.518124655072828,2021-02-08 10:54:58,2021-02-01 10:54:58
1.1855707453417672,2021-12-14 17:07:09,15.026789318036915,2021-12-24 17:07:09,23.805407051694072,2021-12-29 17:07:09,2021-12-24 17:07:09
4.856420258272587,2022-05-20 07:46:56,7.963178175060197,2022-06-18 07:46:56,27.124606268178212,2022-08-05 07:46:56,2022-05-26 07:46:56
1.0807939634339678,2022-02-13 09:19:51,17.08638248383911,2022-02-28 09:19:51,42.29193172239256,2022-04-01 09:19:51,2022-02-21 09:19:51
1.4507752457867436,2021-04-27 18:47:21,36.74023838186396,2021-05-09 18:47:21,13.489941538621677,2021-06-04 18:47:21,2021-05-22 18:47:21
1.2018990143345252,2022-07-10 06:18:20,21.358286045157847,2022-07-11 06:18:20,22.519699905653635,2022-08-15 06:18:20,2022-08-11 06:18:20
4.189494765839378,2021-05-29 05:42:39,27.753077812368677,2021-06-08 05:42:39,27.665097676866555,2021-07-31 05:42:39,2021-06-10 05:42:39
1.0,2021-08-01 17:07:22,55.78594553576488,2021-08-12 17:07:22,18.764348255371196,2021-10-04 17:07:22,2021-08-07 17:07:22
6.80203592826919,2021-08-17 08:25:54,17.764664249493514,2021-09-13 08:25:54,21.775180612104716,2021-11-09 08:25:54,2021-09-25 08:25:54
4.260990459807883,2022-06-16 19:55:26,6.005936429720854,2022-07-06 19:55:26,20.63252634003847,2022-08-18 19:55:26,2022-07-09 19:55:26
4.0970854487760695,2021-08-21 14:35:28,15.202697793305049,2021-09-17 14:35:28,25.41575975362488,2021-10-28 14:35:28,2021-10-28 14:35:28
12.702496640436912,2022-06-10 14:37:18,8.600231785334824,2022-07-02 14:37:18,4.564840404173985,2022-07-26 14:37:18,2022-07-25 14:37:18
1.3182679696958277,2022-05-28 19:07:46,13.059487221232741,2022-06-16 19:07:46,13.292074980403534,2022-07-30 19:07:46,2022-06-03 19:07:46
6.179034673997881,2022-10-18 11:30:30,105.96576458241445,2022-11-02 11:30:30,27.44995914087733,2022-11-17 11:30:30,2022-10-20 11:30:30
5.760998236562197,2021-01-12 03:02:55,35.268709433615136,2021-02-06 03:02:55,16.207650531120738,2021-03-01 03:02:55,2021-02-24 03:02:55
3.596241764105104,2021-12-24 06:39:19,40.70826876870169,2021-12-27 06:39:19,40.75790783979299,2022-01-07 06:39:19,2021-12-31 06:39:19
1.0,2022-10-30 08:15:03,25.02916027714105,2022-11-15 08:15:03,31.009602833193526,2022-12-15 08:15:03,2022-11-23 08:15:03
2.1811486571790337,2021-05-02 12:53:47,31.255443368179463,2021-05-30 12:53:47,23.21239856633843,2021-07-14 12:53:47,2021-05-18 12:53:47
1.0,2022-11-07 17:05:29,59.63597358724878,2022-11-27 17:05:29,26.955401225680745,2022-12-27 17:05:29,2022-11-17 17:05:29
1.0,2022-10-10 23:31:05,27.326992549374992,2022-10-31 23:31:05,13.23964796536021,2022-12-25 23:31:05,2022-10-11 23:31:05
5.282125336207885,2021-11-12 08:52:01,11.87857459920387,2021-11-28 08:52:01,10.846006181527876,2021-12-04 08:52:01,2021-11-29 08:52:01
1.5421635537697846,2022-06-24 07:35:55,25.98355547721841,2022-07-04 07:35:55,24.109627274831773,2022-08-19 07:35:55,2022-07-23 07:35:55
1.0,2021-02-10 01:20:35,26.961898022622712,2021-02-25 01:20:35,12.755403273682552,2021-03-02 01:20:35,2021-02-25 01:20:35
4.398255739206201,2022-12-05 13:13:25,15.107384738171953,2022-12-13 13:13:25,19.080727380956144,2023-02-02 13:13:25,2023-01-03 13:13:25
9.66721784577484,2021-05-25 10:34:48,57.199681269486646,2021-06-20 10:34:48,16.268462040988886,2021-08-07 10:34:48,2021-07-14 10:34:48
2.693130903505934,2022-12-25 09:52:27,18.221305481162,2022-12-27 09:52:27,13.714437448209255,2023-02-10 09:52:27,2023-01-04 09:52:27
4.263119107172083,2022-07-12 12:37:25,23.931400257336836,2022-07-16 12:37:25,4.9332543231088195,2022-07-30 12:37:25,2022-07-25 12:37:25
5.280956154479675,2022-08-17 15:36:18,11.920227113594333,2022-09-13 15:36:18,9.017330839556843,2022-10-13 15:36:18,2022-10-04 15:36:18
1.0,2021-09-13 19:32:20,42.61127741900936,2021-09-27 19:32:20,13.22283367714647,2021-10-01 19:32:20,2021-09-15 19:32:20
6.894243816036566,2022-03-26 18:12:25,6.91674871637809,2022-04-13 18:12:25,11.426588957280408,2022-04-19 18:12:25,2022-04-16 18:12:25
4.4148345083982,2021-08-30 15:42:50,16.516776592838287,2021-09-02 15:42:50,16.695875470967646,2021-10-11 15:42:50,2021-10-06 15:42:50
21.091126407459324,2021-01-05 00:16:55,6.389992966114994,2021-01-08 00:16:55,12.523260212383876,2021-01-26 00:16:55,2021-01-08 00:16:55
1.0,2022-01-09 07:41:52,6.4346156173646945,2022-02-01 07:41:52,23.147617791535474,2022-03-24 07:41:52,2022-02-09 07:41:52
14.36414723369901,2021-05-26 02:20:15,10.743936905298971,2021-05-31 02:20:15,17.338821101461434,2021-07-09 02:20:15,2021-06-10 02:20:15
2.1092213510632862,2021-08-27 17:18:12,21.704265701164367,2021-08-29 17:18:12,25.573614974300952,2021-10-10 17:18:12,2021-09-17 17:18:12
3.1605868788074827,2021-10-09 01:09:18,36.121277704698464,2021-11-06 01:09:18,11.153329328749455,2021-12-31 01:09:18,2021-12-02 01:09:18
1.0207323760939162,2021-08-05 05:38:29,10.953418237621412,2021-08-11 05:38:29,15.208994137183936,2021-10-06 05:38:29,2021-09-30 05:38:29
22.872408065733744,2022-11-20 12:55:40,52.53085429223448,2022-11-24 12:55:40,14.970501689777452,2022-12-19 12:55:40,2022-12-07 12:55:40
1.5448214141289185,2022-09-02 21:04:40,67.2483390816594,2022-10-01 21:04:40,7.6840771912922445,2022-11-27 21:04:40,2022-11-15 21:04:40
1.1523866628933488,2021-04-09 02:25:02,6.531842614565692,2021-04-11 02:25:02,18.5129974435633,2021-06-09 02:25:02,2021-05-13 02:25:02
1.0,2022-01-20 00:06:44,61.47618017136268,2022-02-08 00:06:44,16.499824095166936,2022-02-25 00:06:44,2022-02-08 00:06:44
6.413891965003835,2022-06-02 03:32:43,48.14865063827321,2022-06-17 03:32:43,14.074518766755379,2022-07-20 03:32:43,2022-06-09 03:32:43
1.0,2022-12-10 02:44:20,20.277900851136902,2022-12-12 02:44:20,40.631020941968224,2023-01-19 02:44:20,2022-12-24 02:44:20
1.1114454818489103,2022-03-13 06:32:54,18.454886652222466,2022-03-17 06:32:54,27.66436213786266,2022-03-29 06:32:54,2022-03-21 06:32:54
1.0,2022-07-19 03:01:56,34.64961316435882,2022-08-16 03:01:56,17.656860860054348,2022-09-02 03:01:56,2022-07-24 03:01:56
3.5365795580307298,2022-12-15 08:56:41,9.498515729412059,2022-12-29 08:56:41,9.473420215400319,2023-01-23 08:56:41,2022-12-29 08:56:41
5.381080865527432,2021-03-24 03:44:16,15.197307234173467,2021-04-05 03:44:16,2.2473794666718874,2021-05-24 03:44:16,2021-04-13 03:44:16
6.326745260455753,2021-03-26 15:39:57,6.923695474149092,2021-03-29 15:39:57,39.355009368740596,2021-05-05 15:39:57,2021-04-07 15:39:57
2.374785694756198,2022-04-02 10:46:05,13.350245245594719,2022-04-10 10:46:05,9.883683820560059,2022-04-27 10:46:05,2022-04-07 10:46:05
1.0,2021-01-01 12:31:46,5.842821014563803,2021-01-21 12:31:46,13.18733362503115,2021-02-17 12:31:46,2021-01-03 12:31:46
3.900395564071945,2022-11-16 04:45:00,34.291180482520595,2022-11-26 04:45:00,34.06601439514397,2022-12-27 04:45:00,2022-11-20 04:45:00
1.0,2022-03-22 19:28:00,18.60358625087181,2022-04-10 19:28:00,26.760218141673455,2022-04-24 19:28:00,2022-04-21 19:28:00
2.1358874341923624,2022-05-03 10:03:07,64.65591489741722,2022-05-18 10:03:07,19.818109196943315,2022-07-10 10:03:07,2022-06-12 10:03:07
12.323240883445894,2021-04-05 02:00:39,16.129512490686874,2021-04-19 02:00:39,14.177987142759656,2021-05-25 02:00:39,2021-05-22 02:00:39
8.081353971145145,2022-07-05 04:01:29,43.39037702030423,2022-07-31 04:01:29,22.496366115111858,2022-08-22 04:01:29,2022-07-12 04:01:29
2.3888829753725176,2021-09-07 16:06:57,11.180157707992107,2021-10-02 16:06:57,1.0,2021-11-27 16:06:57,2021-10-19 16:06:57
5.173879741903503,2022-03-14 11:58:45,13.656469349784281,2022-04-08 11:58:45,21.17545889985925,2022-06-04 11:58:45,2022-03-29 11:58:45
2.4180701007326473,2021-11-02 10:18:51,2.9169461106385257,2021-11-21 10:18:51,28.00013097916296,2021-11-26 10:18:51,2021-11-13 10:18:51
5.239189489496162,2021-02-23 20:32:43,12.095632649166943,2021-03-23 20:32:43,27.903147257686804,2021-05-02 20:32:43,2021-03-03 20:32:43
11.463291789409524,2022-01-24 06:44:45,32.762549556639705,2022-02-13 06:44:45,1.0,2022-02-19 06:44:45,2022-01-26 06:44:45
5.25154464558153,2022-02-05 14:57:51,22.558398193708516,2022-02-28 14:57:51,17.715593526600873,2022-04-09 14:57:51,2022-03-04 14:57:51
2.601172014625453,2021-10-30 04:14:14,27.80422269179134,2021-11-18 04:14:14,15.889690093471154,2021-11-23 04:14:14,2021-11-17 04:14:14
1.0,2021-07-26 00:20:52,55.2302869786692,2021-08-21 00:20:52,22.680032055888052,2021-09-14 00:20:52,2021-09-06 00:20:52
1.4196295714587703,2022-08-01 14:54:42,20.938121760229713,2022-08-26 14:54:42,17.539778246712633,2022-09-17 14:54:42,2022-08-23 14:54:42
2.191646460799019,2021-04-13 22:35:17,21.766229426647502,2021-05-06 22:35:17,18.478433726320965,2021-05-20 22:35:17,2021-04-28 22:35:17
5.960018677698552,2022-12-05 21:49:47,33.54213589897779,2022-12-19 21:49:47,13.40664620795878,2023-01-13 21:49:47,2023-01-01 21:49:47
1.683279157485316,2021-11-02 15:23:13,37.40542470690406,2021-11-24 15:23:13,39.635062164780805,2021-12-14 15:23:13,2021-11-13 15:23:13
9.542373013376638,2021-12-01 06:29:46,13.379923902932989,2021-12-29 06:29:46,30.546777622005266,2021-12-30 06:29:46,2021-12-21 06:29:46
10.166363891241314,2022-03-11 17:11:26,10.217224100672247,2022-04-08 17:11:26,5.985651539417429,2022-05-27 17:11:26,2022-05-08 17:11:26
3.9969477150028387,2021-11-04 14:50:13,39.1003427585646,2021-11-10 14:50:13,31.632086731164897,2021-12-15 14:50:13,2021-12-04 14:50:13
7.57213918101943,2022-04-26 11:45:18,18.587549039803065,2022-05-04 11:45:18,18.349232727566235,2022-06-10 11:45:18,2022-05-26 11:45:18
4.456333104855531,2022-06-26 19:33:10,10.905138623880921,2022-07-21 19:33:10,22.1099668116878,2022-09-17 19:33:10,2022-08-08 19:33:10
4.515746492564144,2021-04-16 11:58:08,23.726421314211308,2021-05-05 11:58:08,22.998226336567846,2021-06-26 11:58:08,2021-06-01 11:58:08
4.203739066279128,2021-05-13 11:03:31,10.446532097719452,2021-05-16 11:03:31,7.923387299913436,2021-06-13 11:03:31,2021-06-07 11:03:31
4.866705987048493,2021-05-18 15:24:39,6.9142248299677425,2021-06-11 15:24:39,31.346576876944617,2021-07-10 15:24:39,2021-05-30 15:24:39
2.835556019482575,2022-02-05 05:32:43,86.4841473538511,2022-02-08 05:32:43,23.209276830034653,2022-04-07 05:32:43,2022-02-23 05:32:43
4.777071949962572,2021-03-10 20:24:37,25.975323609990546,2021-03-14 20:24:37,10.890761220718762,2021-05-11 20:24:37,2021-04-24 20:24:37
1.8964122356829958,2021-02-22 01:32:49,33.0639947290835,2021-03-17 01:32:49,32.37089606446507,2021-04-26 01:32:49,2021-03-11 01:32:49
6.272133510352905,2021-07-24 10:09:46,61.62931339829329,2021-07-31 10:09:46,12.358020179235757,2021-08-08 10:09:46,2021-08-01 10:09:46
2.8172896456132204,2021-02-12 03:20:15,49.86329207929211,2021-02-14 03:20:15,23.95911769975165,2021-03-04 03:20:15,2021-02-15 03:20:15
4.448553208528758,2021-04-21 04:45:44,76.86300065921957,2021-05-04 04:45:44,21.695037101578684,2021-06-04 04:45:44,2021-05-31 04:45:44
10.003620676181992,2022-10-25 22:25:19,37.033238756060285,2022-11-05 22:25:19,3.4371352766160115,2022-11-26 22:25:19,2022-11-20 22:25:19
1.0,2021-04-05 01:41:30,11.298565513376706,2021-04-18 01:41:30,8.118602447989634,2021-04-24 01:41:30,2021-04-08 01:41:30
17.73167398095511,2022-01-09 06:13:35,11.161124514125698,2022-01-11 06:13:35,18.478734087734377,2022-01-20 06:13:35,2022-01-15 06:13:35
11.355120935869358,2022-06-04 16:10:43,15.613814277346949,2022-06-08 16:10:43,28.978937740281623,2022-07-08 16:10:43,2022-06-26 16:10:43
3.596709323875235,2021-12-26 11:27:20,14.719573691500024,2022-01-16 11:27:20,13.007276418839892,2022-03-01 11:27:20,2022-01-13 11:27:20
5.65979783383077,2021-07-14 23:16:47,18.570511612986426,2021-07-30 23:16:47,20.07589090912604,2021-08-17 23:16:47,2021-07-23 23:16:47
3.4795506039890114,2021-07-14 09:17:14,40.468485460065445,2021-08-05 09:17:14,20.78341008123035,2021-09-04 09:17:14,2021-08-01 09:17:14
7.740034743616081,2021-04-03 21:01:37,48.93560282766801,2021-04-18 21:01:37,22.968267259761245,2021-06-14 21:01:37,2021-05-23 21:01:37
1.0,2021-03-02 03:08:34,19.81725419136726,2021-03-25 03:08:34,14.422554137139,2021-04-14 03:08:34,2021-03-30 03:08:34
1.9191720013244804,2022-02-07 15:51:48,56.577194785496786,2022-02-22 15:51:48,3.4603920684093126,2022-04-18 15:51:48,2022-03-15 15:51:48
5.9251777583161065,2021-01-05 10:11:08,39.98116104102048,2021-01-08 10:11:08,1.6562113742617797,2021-03-08 10:11:08,2021-02-25 10:11:08
7.139725921837444,2022-06-18 22:00:52,20.52726020167786,2022-07-01 22:00:52,16.24342007973429,2022-07-11 22:00:52,2022-06-19 22:00:52
8.463848414884325,2022-05-28 04:41:47,18.957974742066604,2022-06-14 04:41:47,34.2071112314496,2022-08-09 04:41:47,2022-08-08 04:41:47
1.9986175176100525,2021-12-12 14:22:25,3.3107061305871968,2021-12-30 14:22:25,16.206855113952727,2022-01-12 14:22:25,2021-12-16 14:22:25
3.652261433251565,2021-03-19 22:43:38,24.51892852122138,2021-04-04 22:43:38,19.101292702684947,2021-05-15 22:43:38,2021-04-16 22:43:38
1.3565229063283866,2021-03-14 06:28:41,17.0903919354065,2021-03-15 06:28:41,16.75486021181903,2021-03-17 06:28:41,2021-03-14 06:28:41
4.382601531214265,2021-09-06 06:16:14,30.341522742472844,2021-09-20 06:16:14,28.518061463587756,2021-11-14 06:16:14,2021-10-18 06:16:14
6.533322128190019,2021-05-01 12:00:21,46.17142577318664,2021-05-03 12:00:21,23.437968336217967,2021-05-08 12:00:21,2021-05-01 12:00:21
1.0,2021-08-27 15:27:25,19.03134541919198,2021-09-02 15:27:25,45.916789830499546,2021-10-05 15:27:25,2021-09-15 15:27:25
1.0,2021-04-17 05:21:02,36.668500422558,2021-05-13 05:21:02,20.212411886681657,2021-05-14 05:21:02,2021-04-28 05:21:02
2.7190214892666886,2021-02-17 14:39:56,30.54592583825036,2021-03-12 14:39:56,20.773368450544794,2021-05-07 14:39:56,2021-05-04 14:39:56
2.6840330560617347,2021-12-03 17:51:31,30.1886099667514,2021-12-15 17:51:31,18.994429925314712,2022-01-21 17:51:31,2022-01-03 17:51:31
4.082889947451408,2021-09-14 16:29:59,25.73421573934851,2021-09-22 16:29:59,28.026561909637046,2021-11-19 16:29:59,2021-10-21 16:29:59
2.534013695197286,2022-09-17 22:08:34,23.00928725568591,2022-10-11 22:08:34,34.677153829743176,2022-10-23 22:08:34,2022-10-11 22:08:34
5.818036020331068,2021-09-10 00:05:02,82.01831528117334,2021-10-06 00:05:02,35.243426270323155,2021-11-16 00:05:02,2021-11-08 00:05:02
1.873737641830966,2022-10-01 00:00:55,32.649143508733296,2022-10-08 00:00:55,38.8081917827236,2022-11-05 00:00:55,2022-10-11 00:00:55
1.0490522243071034,2022-12-27 02:25:17,21.913009366923742,2023-01-14 02:25:17,16.030650860447224,2023-02-01 02:25:17,2023-01-14 02:25:17
7.463419567742482,2022-04-19 07:58:19,25.91439095510844,2022-04-30 07:58:19,22.338648969634452,2022-06-05 07:58:19,2022-05-11 07:58:19
1.4646899221651812,2021-03-19 12:17:27,40.65659873979288,2021-04-13 12:17:27,12.921835969691527,2021-05-13 12:17:27,2021-05-04 12:17:27
5.256504309541041,2022-01-21 04:39:08,9.908097529561397,2022-02-11 04:39:08,12.850813367657224,2022-03-25 04:39:08,2022-03-23 04:39:08
1.0,2022-10-28 01:17:01,31.053441954225647,2022-11-17 01:17:01,18.96473918384747,2023-01-10 01:17:01,2022-11-13 01:17:01
7.751613288767578,2022-11-30 01:25:26,16.264418834080153,2022-12-02 01:25:26,5.438444916589551,2023-01-25 01:25:26,2022-12-04 01:25:26
1.3437967755009934,2021-01-03 05:00:30,79.63495892077529,2021-01-14 05:00:30,20.010631177480764,2021-02-21 05:00:30,2021-02-01 05:00:30
2.5166338492466664,2021-12-29 10:43:58,54.632125703325606,2022-01-06 10:43:58,21.340798232327483,2022-01-27 10:43:58,2022-01-27 10:43:58
5.568384247263695,2022-05-23 09:37:54,27.774691711661795,2022-06-18 09:37:54,34.197832017599495,2022-07-27 09:37:54,2022-06-28 09:37:54
1.0,2021-01-15 12:51:11,90.33808321421452,2021-02-04 12:51:11,6.404508765935661,2021-04-04 12:51:11,2021-02-21 12:51:11
1.160843452132807,2022-09-23 02:51:07,4.600108024565035,2022-10-10 02:51:07,6.836131939381492,2022-10-17 02:51:07,2022-10-05 02:51:07
2.4847205453014625,2022-12-15 00:17:42,72.93692322957678,2023-01-06 00:17:42,15.834320564469833,2023-01-11 00:17:42,2023-01-06 00:17:42
1.818239236937498,2021-09-30 01:43:49,67.49469724482523,2021-10-13 01:43:49,6.258928443665619,2021-12-10 01:43:49,2021-10-27 01:43:49
1.9537355048601792,2022-04-19 13:18:35,45.62264832440345,2022-05-16 13:18:35,7.0145608648661515,2022-06-20 13:18:35,2022-05-31 13:18:35
1.0,2022-06-21 00:59:56,22.213808618231155,2022-07-11 00:59:56,34.04911071892466,2022-07-26 00:59:56,2022-07-15 00:59:56
3.8556445707993268,2021-07-31 01:42:48,40.21404787123683,2021-08-12 01:42:48,20.978479510652914,2021-08-21 01:42:48,2021-08-09 01:42:48
1.0,2022-08-03 02:06:01,10.66056905791038,2022-08-26 02:06:01,35.63617396219571,2022-10-13 02:06:01,2022-10-07 02:06:01
19.68174868225963,2021-03-08 22:49:12,55.994361763457505,2021-03-31 22:49:12,25.415067370236628,2021-05-25 22:49:12,2021-03-11 22:49:12
1.0,2021-04-19 07:25:34,30.015352015548142,2021-05-15 07:25:34,18.548025562638646,2021-06-02 07:25:34,2021-05-07 07:25:34
14.582805423462906,2021-08-16 07:14:29,16.80593107649952,2021-08-27 07:14:29,30.05813723312294,2021-10-17 07:14:29,2021-10-01 07:14:29
7.233484637592252,2021-02-03 03:35:10,86.46669371287695,2021-02-24 03:35:10,39.08315311552772,2021-03-08 03:35:10,2021-02-20 03:35:10
1.8190158884415264,2022-01-04 06:27:55,10.196432267185742,2022-02-01 06:27:55,22.709586854584796,2022-02-28 06:27:55,2022-01-15 06:27:55
4.3662368555650435,2022-08-18 22:37:29,10.640784184430496,2022-08-31 22:37:29,37.518883852925796,2022-09-14 22:37:29,2022-09-09 22:37:29
3.9715839522854695,2022-03-01 16:40:04,22.187130404665655,2022-03-10 16:40:04,16.71843671321006,2022-05-06 16:40:04,2022-05-03 16:40:04
1.0,2022-06-02 23:30:59,35.30564730983481,2022-06-09 23:30:59,2.136704607039519,2022-06-22 23:30:59,2022-06-19 23:30:59
7.389911529893364,2021-10-09 13:27:27,56.986972332835236,2021-10-19 13:27:27,18.722603703732297,2021-11-18 13:27:27,2021-10-16 13:27:27
9.973741499254812,2022-03-19 21:01:43,21.0472369653351,2022-04-09 21:01:43,26.8258536478776,2022-05-15 21:01:43,2022-04-26 21:01:43
13.82012664288985,2021-11-11 04:47:40,31.15986720520826,2021-11-23 04:47:40,19.69766036616562,2022-01-15 04:47:40,2021-12-23 04:47:40
1.0,2022-01-12 16:17:36,56.185058202526264,2022-01-20 16:17:36,7.936902246440027,2022-03-10 16:17:36,2022-01-28 16:17:36
4.762075431720812,2022-03-13 07:34:45,27.94874816961362,2022-03-25 07:34:45,12.400742306294235,2022-05-16 07:34:45,2022-04-21 07:34:45
10.448452543138613,2021-10-04 00:26:45,21.957520244135175,2021-11-01 00:26:45,22.016392409944768,2021-12-12 00:26:45,2021-10-18 00:26:45
3.1169689232298783,2022-05-18 20:05:03,7.5609033923435085,2022-05-30 20:05:03,27.47345613609408,2022-06-08 20:05:03,2022-06-06 20:05:03
1.0,2022-05-31 21:25:49,139.89198997794995,2022-06-27 21:25:49,13.654623024707705,2022-07-31 21:25:49,2022-07-16 21:25:49
1.114527860663957,2022-03-22 21:08:45,4.864251652138372,2022-04-05 21:08:45,33.04865820435932,2022-04-17 21:08:45,2022-04-07 21:08:45
7.351896133535821,2022-08-30 23:47:35,14.501449837903541,2022-09-25 23:47:35,23.537167429344738,2022-11-14 23:47:35,2022-10-18 23:47:35
1.7942593200745844,2021-05-17 03:37:26,24.983418122441243,2021-05-28 03:37:26,9.60518563006963,2021-06-22 03:37:26,2021-06-17 03:37:26
11.885242610194027,2021-08-31 01:12:04,33.92010455786609,2021-09-14 01:12:04,9.470558606484596,2021-11-03 01:12:04,2021-09-30 01:12:04
1.0,2022-07-02 02:31:51,31.876552266135278,2022-07-16 02:31:51,17.615953825855723,2022-08-07 02:31:51,2022-07-27 02:31:51
3.5461124760932834,2021-08-11 04:33:09,37.913529722262155,2021-08-22 04:33:09,3.919267746542431,2021-08-27 04:33:09,2021-08-22 04:33:09
10.178921938110296,2021-11-18 11:30:27,40.680650712940306,2021-11-20 11:30:27,15.872179567346034,2021-12-05 11:30:27,2021-11-27 11:30:27
21.17327757082598,2021-03-16 00:01:57,10.883230126848048,2021-04-07 00:01:57,39.73550068970468,2021-05-20 00:01:57,2021-04-26 00:01:57
1.447343342863959,2022-08-29 23:27:51,2.244175399135378,2022-09-06 23:27:51,3.746826002463301,2022-10-23 23:27:51,2022-10-14 23:27:51
10.112495712759642,2022-07-28 14:50:41,55.56566207059808,2022-08-04 14:50:41,19.850104841776723,2022-08-22 14:50:41,2022-07-31 14:50:41
1.0,2022-12-16 22:00:39,39.77471053584062,2022-12-31 22:00:39,14.957218884733015,2023-02-24 22:00:39,2023-02-21 22:00:39
1.6762292392951732,2021-01-26 12:55:14,112.51825150740194,2021-01-30 12:55:14,12.076549844374986,2021-02-12 12:55:14,2021-02-02 12:55:14
6.880392787110373,2021-06-22 01:47:49,82.20581839540813,2021-06-23 01:47:49,24.048359573023493,2021-07-08 01:47:49,2021-06-30 01:47:49
7.773991605971609,2022-02-14 11:41:41,31.408481127995287,2022-02-17 11:41:41,17.546350016589326,2022-03-14 11:41:41,2022-03-11 11:41:41
12.574068302452696,2022-12-25 13:42:56,61.506499931119535,2023-01-15 13:42:56,27.80238817535041,2023-02-18 13:42:56,2023-01-26 13:42:56
1.0,2022-06-16 10:16:16,11.470303378539274,2022-06-22 10:16:16,25.465208021084738,2022-06-24 10:16:16,2022-06-19 10:16:16
20.207775049115337,2021-05-20 18:46:24,19.355788577860057,2021-06-08 18:46:24,14.098157100864036,2021-06-29 18:46:24,2021-05-22 18:46:24
4.363091646718006,2021-03-31 21:47:57,6.237823047647735,2021-04-02 21:47:57,10.27215964021101,2021-04-25 21:47:57,2021-04-03 21:47:57
1.0,2021-11-16 11:48:53,18.072084651107243,2021-12-01 11:48:53,1.0,2021-12-18 11:48:53,2021-11-29 11:48:53
3.9272655085631936,2021-05-19 08:57:34,56.39885043652594,2021-06-07 08:57:34,38.90704976197131,2021-06-11 08:57:34,2021-05-20 08:57:34
10.400202822585324,2021-09-16 05:35:28,18.854253376087573,2021-10-07 05:35:28,27.18417515442074,2021-11-17 05:35:28,2021-09-19 05:35:28
1.837855676347964,2022-11-21 16:29:43,37.452890453448894,2022-12-10 16:29:43,12.412488593947275,2023-01-27 16:29:43,2023-01-16 16:29:43
2.319090267700286,2021-01-10 22:49:40,25.335336852131594,2021-02-03 22:49:40,23.842794621229878,2021-02-04 22:49:40,2021-01-14 22:49:40
1.0,2022-10-12 00:36:59,28.144425914857788,2022-11-04 00:36:59,1.0,2022-11-11 00:36:59,2022-11-03 00:36:59
1.5357569395463833,2021-01-13 01:28:07,34.138831915839276,2021-01-22 01:28:07,13.296451690965501,2021-03-16 01:28:07,2021-01-23 01:28:07
4.356191483927731,2022-10-04 09:33:07,27.190146468721128,2022-10-23 09:33:07,21.017531885005692,2022-11-23 09:33:07,2022-11-07 09:33:07
5.936647463037993,2021-11-17 00:22:22,36.33007898826874,2021-11-30 00:22:22,33.29183449367815,2022-01-04 00:22:22,2021-12-20 00:22:22
5.4369303354631,2022-09-05 05:20:16,49.28961589076383,2022-10-03 05:20:16,13.782817450408313,2022-10-24 05:20:16,2022-09-25 05:20:16
1.0894399558731125,2022-07-04 07:23:34,43.56049486216894,2022-07-12 07:23:34,17.656872590579017,2022-07-24 07:23:34,2022-07-06 07:23:34
1.0,2022-02-23 11:41:18,24.616000361317973,2022-03-20 11:41:18,21.23167572566273,2022-03-25 11:41:18,2022-03-04 11:41:18
16.39382405555047,2022-08-04 03:23:39,28.309953818392547,2022-09-01 03:23:39,21.447569008002738,2022-09-04 03:23:39,2022-08-12 03:23:39
1.000689267704849,2021-08-24 11:55:29,5.272711603663702,2021-09-20 11:55:29,12.19463545050404,2021-11-18 11:55:29,2021-09-06 11:55:29
6.316633870758754,2021-11-30 18:44:04,17.129782316546663,2021-12-24 18:44:04,34.76042133947479,2022-01-05 18:44:04,2021-12-29 18:44:04
1.0873088254134156,2022-01-11 19:39:52,17.700876139444073,2022-02-01 19:39:52,18.065788699830335,2022-03-30 19:39:52,2022-01-12 19:39:52
1.3144161446265576,2022-08-11 20:28:18,31.86630811722165,2022-08-17 20:28:18,22.59277243678666,2022-08-27 20:28:18,2022-08-27 20:28:18
1.0,2022-07-01 01:30:15,18.58920764331703,2022-07-11 01:30:15,12.931065092971611,2022-08-26 01:30:15,2022-07-15 01:30:15
12.534486387184407,2021-11-16 12:12:05,34.51665994430046,2021-11-25 12:12:05,40.04843680606538,2022-01-14 12:12:05,2021-11-26 12:12:05
11.715400587642488,2022-07-26 01:39:11,3.426591115397829,2022-08-10 01:39:11,5.846512535064628,2022-10-08 01:39:11,2022-08-05 01:39:11
1.0,2021-12-15 02:13:27,76.3070988197999,2022-01-13 02:13:27,25.058612180701335,2022-02-12 02:13:27,2022-02-06 02:13:27
5.71834279354433,2021-08-17 08:28:43,23.52190733241951,2021-08-31 08:28:43,11.733671757204245,2021-09-17 08:28:43,2021-09-10 08:28:43
4.738207863353454,2021-10-18 04:18:44,44.352974913232906,2021-10-20 04:18:44,4.04691612818697,2021-12-15 04:18:44,2021-11-06 04:18:44
1.2693823108118196,2021-01-05 05:21:22,37.55709792177232,2021-01-30 05:21:22,24.519924347630724,2021-03-15 05:21:22,2021-03-12 05:21:22
1.6933087105460314,2022-01-14 00:01:17,49.020719982464286,2022-01-15 00:01:17,16.057573883961858,2022-02-27 00:01:17,2022-01-20 00:01:17
3.7840414087711034,2022-02-14 05:43:31,31.03480464724238,2022-02-25 05:43:31,21.79752209683294,2022-03-16 05:43:31,2022-02-14 05:43:31
2.9325112476087605,2022-08-24 03:54:20,31.28570107081527,2022-09-08 03:54:20,9.942882695333026,2022-09-26 03:54:20,2022-09-05 03:54:20
2.217297843527963,2021-02-11 23:20:56,37.01642521318738,2021-03-09 23:20:56,23.414900136119186,2021-04-04 23:20:56,2021-04-02 23:20:56
2.7301336600590895,2022-02-06 12:01:43,40.28029077325579,2022-02-21 12:01:43,38.585137564077414,2022-03-21 12:01:43,2022-03-18 12:01:43
4.588993946158418,2021-10-22 08:08:07,28.113236243852686,2021-10-28 08:08:07,21.055697796760484,2021-12-16 08:08:07,2021-12-07 08:08:07
1.0,2022-06-10 11:01:51,29.110597022767955,2022-06-11 11:01:51,12.620124172852735,2022-07-13 11:01:51,2022-06-28 11:01:51
6.42355485333627,2022-11-22 20:22:20,3.0556849133433035,2022-12-09 20:22:20,22.98870189121791,2023-02-02 20:22:20,2023-01-22 20:22:20
1.5207988434418485,2022-02-26 19:52:00,23.02426089996989,2022-03-01 19:52:00,1.0,2022-04-09 19:52:00,2022-03-27 19:52:00
12.949290798130422,2021-01-23 05:09:34,38.76190555057674,2021-02-06 05:09:34,23.51354742381394,2021-02-26 05:09:34,2021-02-07 05:09:34
12.128409964803515,2022-10-27 18:48:48,15.725678987494343,2022-11-23 18:48:48,20.641778756301356,2022-12-14 18:48:48,2022-11-13 18:48:48
1.0,2021-08-13 03:07:26,7.3497804474077055,2021-09-02 03:07:26,17.49525687280434,2021-10-18 03:07:26,2021-09-12 03:07:26
2.822799891669752,2022-05-18 05:06:21,21.912989683652626,2022-05-30 05:06:21,1.0,2022-07-13 05:06:21,2022-06-21 05:06:21
2.9484159084114223,2022-09-08 01:06:58,38.336160283397845,2022-09-28 01:06:58,15.227431957746195,2022-11-25 01:06:58,2022-10-05 01:06:58
3.496652678372998,2021-02-08 18:45:06,6.444493501107139,2021-02-20 18:45:06,13.048250180922489,2021-03-08 18:45:06,2021-02-28 18:45:06
1.0,2021-07-17 15:15:17,16.262831999154166,2021-08-12 15:15:17,32.38275829241371,2021-08-24 15:15:17,2021-08-10 15:15:17
3.6804767104683838,2022-08-02 23:05:22,38.29788046223985,2022-08-28 23:05:22,23.31490862617251,2022-08-29 23:05:22,2022-08-13 23:05:22
3.6866345028395986,2022-07-08 15:46:59,8.990105238357193,2022-08-06 15:46:59,5.374116382720022,2022-09-21 15:46:59,2022-07-31 15:46:59
8.232170062157438,2021-01-15 19:48:44,5.977101664546975,2021-01-20 19:48:44,49.7638981212755,2021-02-21 19:48:44,2021-02-15 19:48:44